{
 "category": "Modules",
 "charts": [],
 "creation": "2021-08-01 11:42:36.074131",
 "developer_mode_only": 0,
 "disable_user_customization": 0,
 "docstatus": 0,
 "doctype": "Workspace",
 "extends": "Accounting",
 "extends_another_page": 1,
 "hide_custom": 0,
 "idx": 0,
 "is_default": 0,
 "is_standard": 1,
 "label": "OMAN VAT",
 "links": [
  {
   "hidden": 0,
   "is_query_report": 0,
   "label": "Simplified OMAN VAT",
   "link_type": "DocType",
   "onboard": 0,
   "type": "Card Break"
  },
  {
   "dependencies": "GL Entry",
   "hidden": 0,
   "is_query_report": 1,
   "label": "OMAN VAT Report",
   "link_to": "OMAN VAT",
   "link_type": "Report",
   "onboard": 0,
   "type": "Link"
  },
  {
   "hidden": 0,
   "is_query_report": 0,
   "label": "OMAN VAT Setting",
   "link_to": "OMAN VAT Setting",
   "link_type": "DocType",
   "onboard": 0,
   "type": "Link"
  }
 ],
 "modified": "2021-08-19 21:12:25.883061",
 "modified_by": "Administrator",
 "module": "OMAN VAT",
 "name": "OMAN VAT",
 "owner": "Administrator",
 "pin_to_bottom": 0,
 "pin_to_top": 0,
 "shortcuts": []
}