{
    "align_labels_right": 0, 
    "creation": "2017-12-07 16:09:44.321242", 
    "custom_format": 0, 
    "disabled": 1, 
    "doc_type": "Sales Invoice", 
    "docstatus": 0, 
    "doctype": "Print Format", 
    "font": "Default", 
    "format_data": "[{\"fieldname\": \"print_heading_template\", \"fieldtype\": \"Custom HTML\", \"options\": \"<div class=\\\"print-heading\\\">\\t\\t\\t\\t<h2>TAX Invoice<br><small>{{ doc.name }}</small>\\t\\t\\t\\t</h2></div>\"}, {\"fieldtype\": \"Section Break\", \"label\": \"\"}, {\"fieldtype\": \"Column Break\"}, {\"print_hide\": 0, \"fieldname\": \"customer_name\", \"label\": \"Customer Name\"}, {\"print_hide\": 0, \"fieldname\": \"customer_name_in_arabic\", \"label\": \"Customer Name in Arabic\"}, {\"fieldtype\": \"Column Break\"}, {\"print_hide\": 0, \"fieldname\": \"posting_date\", \"label\": \"Date\"}, {\"fieldtype\": \"Section Break\", \"label\": \"Address\"}, {\"fieldtype\": \"Column Break\"}, {\"print_hide\": 0, \"fieldname\": \"company\", \"label\": \"Company\"}, {\"print_hide\": 0, \"fieldname\": \"company_trn\", \"label\": \"Company TRN\"}, {\"fieldtype\": \"Column Break\"}, {\"print_hide\": 0, \"fieldname\": \"company_address_display\", \"label\": \"Company Address\"}, {\"fieldtype\": \"Section Break\", \"label\": \"\"}, {\"fieldtype\": \"Column Break\"}, {\"visible_columns\": [{\"print_hide\": 0, \"fieldname\": \"item_code\", \"print_width\": \"\"}, {\"print_hide\": 0, \"fieldname\": \"description\", \"print_width\": \"200px\"}, {\"print_hide\": 0, \"fieldname\": \"uom\", \"print_width\": \"\"}, {\"print_hide\": 0, \"fieldname\": \"tax_code\", \"print_width\": \"\"}], \"print_hide\": 0, \"fieldname\": \"items\", \"label\": \"Items\"}, {\"fieldtype\": \"Section Break\", \"label\": \"\"}, {\"fieldtype\": \"Column Break\"}, {\"fieldtype\": \"Column Break\"}, {\"print_hide\": 0, \"fieldname\": \"total\", \"label\": \"Total\"}, {\"fieldtype\": \"Section Break\", \"label\": \"\"}, {\"fieldtype\": \"Column Break\"}, {\"visible_columns\": [{\"print_hide\": 0, \"fieldname\": \"charge_type\", \"print_width\": \"\"}, {\"print_hide\": 0, \"fieldname\": \"row_id\", \"print_width\": \"\"}, {\"print_hide\": 0, \"fieldname\": \"account_head\", \"print_width\": \"\"}, {\"print_hide\": 0, \"fieldname\": \"cost_center\", \"print_width\": \"\"}, {\"print_hide\": 0, \"fieldname\": \"description\", \"print_width\": \"300px\"}, {\"print_hide\": 0, \"fieldname\": \"rate\", \"print_width\": \"\"}, {\"print_hide\": 0, \"fieldname\": \"tax_amount\", \"print_width\": \"\"}, {\"print_hide\": 0, \"fieldname\": \"total\", \"print_width\": \"\"}, {\"print_hide\": 0, \"fieldname\": \"tax_amount_after_discount_amount\", \"print_width\": \"\"}, {\"print_hide\": 0, \"fieldname\": \"base_tax_amount\", \"print_width\": \"\"}, {\"print_hide\": 0, \"fieldname\": \"base_total\", \"print_width\": \"\"}, {\"print_hide\": 0, \"fieldname\": \"base_tax_amount_after_discount_amount\", \"print_width\": \"\"}, {\"print_hide\": 0, \"fieldname\": \"item_wise_tax_detail\", \"print_width\": \"\"}], \"print_hide\": 0, \"fieldname\": \"taxes\", \"label\": \"Sales Taxes and Charges\"}, {\"fieldtype\": \"Section Break\", \"label\": \"\"}, {\"fieldtype\": \"Column Break\"}, {\"fieldtype\": \"Column Break\"}, {\"print_hide\": 0, \"fieldname\": \"grand_total\", \"label\": \"Grand Total\"}, {\"print_hide\": 0, \"fieldname\": \"rounded_total\", \"label\": \"Rounded Total\"}, {\"print_hide\": 0, \"fieldname\": \"in_words\", \"align\": \"left\", \"label\": \"In Words\"}]", 
    "idx": 0, 
    "line_breaks": 0, 
    "modified": "2017-12-15 11:57:20.498724", 
    "modified_by": "Administrator", 
    "module": "OMAN VAT", 
    "name": "Simplified Tax Invoice", 
    "owner": "Administrator", 
    "print_format_builder": 1, 
    "print_format_type": "Jinja", 
    "show_section_headings": 0, 
    "standard": "Yes"
   }