[
 {
  "allow_in_quick_entry": 0,
  "allow_on_submit": 0,
  "bold": 0,
  "collapsible": 0,
  "collapsible_depends_on": null,
  "columns": 0,
  "default": null,
  "depends_on": null,
  "description": null,
  "docstatus": 0,
  "doctype": "Custom Field",
  "dt": "Sales Invoice",
  "fetch_from": null,
  "fetch_if_empty": 0,
  "fieldname": "qr_code",
  "fieldtype": "Attach Image",
  "hidden": 1,
  "hide_border": 0,
  "hide_days": 0,
  "hide_seconds": 0,
  "ignore_user_permissions": 0,
  "ignore_xss_filter": 0,
  "in_global_search": 0,
  "in_list_view": 0,
  "in_preview": 0,
  "in_standard_filter": 0,
  "insert_after": null,
  "label": "QR Code",
  "length": 0,
  "mandatory_depends_on": null,
  "modified": "2021-09-15 16:43:26.192324",
  "name": "Sales Invoice-qr_code",
  "no_copy": 1,
  "non_negative": 0,
  "options": null,
  "parent": null,
  "parentfield": null,
  "parenttype": null,
  "permlevel": 0,
  "precision": "",
  "print_hide": 0,
  "print_hide_if_no_value": 0,
  "print_width": null,
  "read_only": 1,
  "read_only_depends_on": null,
  "report_hide": 0,
  "reqd": 0,
  "search_index": 0,
  "translatable": 0,
  "unique": 0,
  "width": null
 },
 {
  "allow_in_quick_entry": 0,
  "allow_on_submit": 0,
  "bold": 0,
  "collapsible": 0,
  "collapsible_depends_on": null,
  "columns": 0,
  "default": null,
  "depends_on": null,
  "description": null,
  "docstatus": 0,
  "doctype": "Custom Field",
  "dt": "Company",
  "fetch_from": null,
  "fetch_if_empty": 0,
  "fieldname": "company_name_in_arabic",
  "fieldtype": "Data",
  "hidden": 0,
  "hide_border": 0,
  "hide_days": 0,
  "hide_seconds": 0,
  "ignore_user_permissions": 0,
  "ignore_xss_filter": 0,
  "in_global_search": 0,
  "in_list_view": 0,
  "in_preview": 0,
  "in_standard_filter": 0,
  "insert_after": "company_name",
  "label": "Company Name In Arabic",
  "length": 0,
  "mandatory_depends_on": null,
  "modified": "2021-09-22 23:58:36.274311",
  "name": "Company-company_name_in_arabic",
  "no_copy": 0,
  "non_negative": 0,
  "options": null,
  "parent": null,
  "parentfield": null,
  "parenttype": null,
  "permlevel": 0,
  "precision": "",
  "print_hide": 0,
  "print_hide_if_no_value": 0,
  "print_width": null,
  "read_only": 0,
  "read_only_depends_on": null,
  "report_hide": 0,
  "reqd": 0,
  "search_index": 0,
  "translatable": 0,
  "unique": 0,
  "width": null
 },
 {
  "allow_in_quick_entry": 0,
  "allow_on_submit": 0,
  "bold": 0,
  "collapsible": 0,
  "collapsible_depends_on": null,
  "columns": 0,
  "default": null,
  "depends_on": null,
  "description": null,
  "docstatus": 0,
  "doctype": "Custom Field",
  "dt": "Address",
  "fetch_from": null,
  "fetch_if_empty": 0,
  "fieldname": "address_in_arabic",
  "fieldtype": "Data",
  "hidden": 0,
  "hide_border": 0,
  "hide_days": 0,
  "hide_seconds": 0,
  "ignore_user_permissions": 0,
  "ignore_xss_filter": 0,
  "in_global_search": 0,
  "in_list_view": 0,
  "in_preview": 0,
  "in_standard_filter": 0,
  "insert_after": "address_line1",
  "label": "Address in Arabic",
  "length": 0,
  "mandatory_depends_on": null,
  "modified": "2021-09-23 00:53:17.039964",
  "name": "Address-address_in_arabic",
  "no_copy": 0,
  "non_negative": 0,
  "options": null,
  "parent": null,
  "parentfield": null,
  "parenttype": null,
  "permlevel": 0,
  "precision": "",
  "print_hide": 0,
  "print_hide_if_no_value": 0,
  "print_width": null,
  "read_only": 0,
  "read_only_depends_on": null,
  "report_hide": 0,
  "reqd": 0,
  "search_index": 0,
  "translatable": 0,
  "unique": 0,
  "width": null
 }
]