{
 "actions": [],
 "creation": "2021-07-13 09:17:09.862163",
 "doctype": "DocType",
 "editable_grid": 1,
 "engine": "InnoDB",
 "field_order": [
  "title",
  "item_tax_template",
  "account"
 ],
 "fields": [
  {
   "fieldname": "account",
   "fieldtype": "Link",
   "in_list_view": 1,
   "label": "Account",
   "options": "Account",
   "reqd": 1
  },
  {
   "fieldname": "title",
   "fieldtype": "Data",
   "in_list_view": 1,
   "label": "Title",
   "reqd": 1
  },
  {
   "fieldname": "item_tax_template",
   "fieldtype": "Link",
   "in_list_view": 1,
   "label": "Item Tax Template",
   "options": "Item Tax Template",
   "reqd": 1
  }
 ],
 "index_web_pages_for_search": 1,
 "istable": 1,
 "links": [],
 "modified": "2021-08-04 06:42:38.205597",
 "modified_by": "Administrator",
 "module": "OMAN VAT",
 "name": "OMAN VAT Purchase Account",
 "owner": "Administrator",
 "permissions": [],
 "sort_field": "modified",
 "sort_order": "DESC",
 "track_changes": 1
}