{
 "absolute_value": 0,
 "align_labels_right": 0,
 "creation": "2021-09-22 13:18:17.247725",
 "css": ".qr-code{\n    float:right;\n}\n\n.invoice-heading {\n  margin: 0;\n}\n\n.oman-invoice-table {\n  border: 1px solid #888a8e;\n  border-collapse: collapse;\n  width: 100%;\n  margin: 20px 0;\n  font-size: 16px;\n}\n\n.oman-invoice-table.two-columns td:nth-child(2) {\n  direction: rtl;\n}\n\n.oman-invoice-table th {\n  border: 1px solid #888a8e;\n  max-width: 50%;\n  padding: 8px;\n}\n\n.oman-invoice-table td {\n  padding: 5px;\n  border: 1px solid #888a8e;\n  max-width: 50%;\n}\n\n.oman-invoice-table thead,\n.oman-invoice-table tfoot {\n  text-transform: uppercase;\n}\n\n.qr-rtl {\n  direction: rtl;\n}\n\n.qr-flex{\n    display: flex;\n    justify-content: space-between;\n}",
 "custom_format": 1,
 "default_print_language": "en",
 "disabled": 0,
 "doc_type": "Sales Invoice",
 "docstatus": 0,
 "doctype": "Print Format",
 "font": "Default",
 "html": "<div class=\"oman-vat-format\">\n    <div class=\"flex\">\n        <div style=\"flex: 1\">\n            <h2 class=\"invoice-heading\">TAX INVOICE</h2>\n            <h2 class=\"invoice-heading\">\u0641\u0627\u062a\u0648\u0631\u0629 \u0636\u0631\u064a\u0628\u064a\u0629</h2>\n        </div>\n        \n        <img class=\"qr-code\" src={{doc.qr_code}}>\n    </div>\n    {% set company = frappe.get_doc(\"Company\", doc.company)%}\n    {% if (doc.company_address) %}\n        {% set supplier_address_doc = frappe.get_doc('Address', doc.company_address) %}\n    {% endif %}\n    \n    {% if(doc.customer_address) %}\n        {% set customer_address = frappe.get_doc('Address', doc.customer_address ) %}\n    {% endif %}\n    \n    {% if(doc.shipping_address_name) %}\n        {% set customer_shipping_address = frappe.get_doc('Address', doc.shipping_address_name ) %}\n    {% endif %}  \n        \n    <table class=\"oman-invoice-table two-columns\">\n      <thead>\n        <tr>\n          <th>{{ company.name }}</th>\n          <th>{{ company.company_name_in_arabic }}</th>\n        </tr>\n      </thead>\n\n      <tbody>\n        <!-- Invoice Info -->\n        <tr>\n          <td>Invoice#: {{doc.name}}</td>\n          <td>\u0631\u0642\u0645 \u0627\u0644\u0641\u0627\u062a\u0648\u0631\u0629: {{doc.name}}</td>\n        </tr>\n        <tr>\n          <td>Invoice Date: {{doc.posting_date}}</td>\n          <td>\u062a\u0627\u0631\u064a\u062e \u0627\u0644\u0641\u0627\u062a\u0648\u0631\u0629: {{doc.posting_date}}</td>\n        </tr>\n        <tr>\n          <td>Date of Supply:{{doc.posting_date}}</td>\n          <td>\u062a\u0627\u0631\u064a\u062e \u0627\u0644\u062a\u0648\u0631\u064a\u062f: {{doc.posting_date}}</td>\n        </tr>\n        \n        <!--Supplier Info -->\n        <tr>\n          <td>Supplier:</td>\n          <td>\u0627\u0644\u0645\u0648\u0631\u062f :</td>\n        </tr>\n        <tr>\n          <td>{{ company.name }}</td>\n          <td>{{ company.company_name_in_arabic }} </td>\n        </tr>\n        \n        \n        {% if(supplier_address_doc) %}\n        <tr>\n          <td>{{ supplier_address_doc.address_line1}} </td>\n          <td>{{ supplier_address_doc.address_in_arabic}} </td>\n        </tr>\n        <tr>\n          <td>Phone: {{ supplier_address_doc.phone }}</td>\n          <td>\u0647\u0627\u062a\u0641 : {{ supplier_address_doc.phone }}</td>\n        </tr>\n        <tr>\n          <td>Email: {{ supplier_address_doc.email_id }}</td>\n          <td>{{ supplier_address_doc.email_id }} : \u0628\u0631\u064a\u062f \u0627\u0644\u0643\u062a\u0631\u0648\u0646\u064a</td>\n        </tr>\n        {% endif %}\n        \n        {% if (company.tax_id) %}\n        <tr>\n          <td>Supplier Tax Identification Number:</td>\n          <td>\u0631\u0642\u0645 \u0627\u0644\u062a\u0639\u0631\u064a\u0641 \u0627\u0644\u0636\u0631\u064a\u0628\u064a \u0644\u0644\u0645\u0648\u0631\u062f</td>\n        </tr>\n        <tr>\n          <td>{{ company.tax_id }}</td>\n          <td>{{ company.tax_id }}</td>\n        </tr>\n        {% endif %}\n        \n        <!-- Customer Info -->\n        <tr>\n          <td>CUSTOMER:</td>\n          <td>\u0639\u0645\u064a\u0644:</td>\n        </tr>\n        <tr>\n          <td> {{ doc.customer }}</td>\n          <td> {{ doc.customer_name_in_arabic }} </td>\n        </tr>\n        \n        {% if(customer_address) %}\n        <tr>\n          <td>{{ customer_address.address_line1}} </td>\n          <td>{{ customer_address.address_in_arabic}} </td>\n        </tr>\n        {% endif %}\n        \n        {% if(customer_shipping_address) %}\n        <tr>\n          <td>SHIPPING ADDRESS:</td>\n          <td>\u0639\u0646\u0648\u0627\u0646 \u0627\u0644\u0634\u062d\u0646:</td>\n        </tr>\n        \n        <tr>\n          <td>{{ customer_shipping_address.address_line1}} </td>\n          <td>{{ customer_shipping_address.address_in_arabic}} </td>\n        </tr>\n        {% endif %}\n        \n        <tr>\n          <td>OTHER INFORMATION</td>\n          <td>\u0645\u0639\u0644\u0648\u0645\u0627\u062a \u0623\u062e\u0631\u0649</td>\n        </tr>\n        \n        {% if(doc.po_no) %}\n        <tr>\n          <td>Purchase Order Number: {{ doc.po_no }}</td>\n          <td>\u0631\u0642\u0645 \u0623\u0645\u0631 \u0627\u0644\u0634\u0631\u0627\u0621: {{ doc.po_no }}</td>\n        </tr>\n        {% endif %}\n        \n        <tr>\n          <td>Payment Due Date: {{  doc.due_date}} </td>\n          <td>\u062a\u0627\u0631\u064a\u062e \u0627\u0633\u062a\u062d\u0642\u0627\u0642 \u0627\u0644\u062f\u0641\u0639: {{  doc.due_date}}</td>\n        </tr>\n      </tbody>\n    </table>\n\n    <!--Dynamic Colspan for total row columns-->\n    {% set col = namespace(one = 2, two = 1) %}\n    {% set length = doc.taxes | length %}\n    {% set length = length / 2 | round %}\n    {% set col.one = col.one + length %}\n    {% set col.two = col.two + length %}\n  \n    {%- if(doc.taxes | length % 2 > 0 ) -%}\n      {% set col.two = col.two + 1 %}\n    {% endif %}\n    \n    <!-- Items -->\n    {% set total = namespace(amount = 0) %}\n    <table class=\"oman-invoice-table\">\n      <thead>\n        <tr>\n          <th>Nature of goods or services <br />\u0637\u0628\u064a\u0639\u0629 \u0627\u0644\u0633\u0644\u0639 \u0623\u0648 \u0627\u0644\u062e\u062f\u0645\u0627\u062a</th>\n          <th>\n            Unit price <br />\n            \u0633\u0639\u0631 \u0627\u0644\u0648\u062d\u062f\u0629\n          </th>\n          <th>\n            Quantity <br />\n            \u0627\u0644\u0643\u0645\u064a\u0629\n          </th>\n          <th>\n            Texable Amount <br />\n            \u0627\u0644\u0645\u0628\u0644\u063a \u0627\u0644\u062e\u0627\u0636\u0639 \u0644\u0644\u0636\u0631\u064a\u0628\u0629\n          </th>\n          \n          {% for row in doc.taxes %}\n            <th style=\"min-width: 130px\">{{row.description}}</th>\n          {% endfor %}\n          \n          <th>\n            Total <br />\n            \u0627\u0644\u0645\u062c\u0645\u0648\u0639\n          </th>\n        </tr>\n      </thead>\n      <tbody>\n        {%- for item in doc.items -%}\n        {% set total.amount = item.amount %}\n        <tr>\n          <td>{{ item.item_code }}</td>\n          <td>{{ item.get_formatted(\"rate\") }}</td>\n          <td>{{ item.qty }}</td>\n          <td>{{ item.get_formatted(\"amount\") }}</td>\n           {% for row in doc.taxes %}\n                {% set data_object = json.loads(row.item_wise_tax_detail) %}\n                <td>\n                   <div class=\"flex\">\n                    {%- if(data_object[item.item_code][0])-%}\n                    <span>{{ frappe.format(data_object[item.item_code][0], {'fieldtype': 'Percent'}) }}</span>\n                    {%- endif -%}\n                    <span>\n                    {%- if(data_object[item.item_code][1])-%}\n                        {{ frappe.format(data_object[item.item_code][1], {'fieldtype': 'Currency'}) }}</span>\n                        {% set total.amount = total.amount + data_object[item.item_code][1] %}\n                    {%- endif -%}\n                    </div>\n                </td>\n            {% endfor %}\n          <td>{{  frappe.format(total.amount, {'fieldtype': 'Currency'}) }}</td>\n        </tr>\n        {%- endfor -%}\n      </tbody>\n      <tfoot>\n        <tr>\n          <td>\n            {{ doc.get_formatted(\"total\") }} <br />\n            {{ doc.get_formatted(\"total_taxes_and_charges\") }}\n          </td>\n          \n          <td colspan={{ col.one }} class=\"rtl\">\n            \u0627\u0644\u0625\u062c\u0645\u0627\u0644\u064a (\u0628\u0627\u0633\u062a\u062b\u0646\u0627\u0621 \u0636\u0631\u064a\u0628\u0629 \u0627\u0644\u0642\u064a\u0645\u0629 \u0627\u0644\u0645\u0636\u0627\u0641\u0629)\n            <br />\n            \u0645\u062c\u0645\u0648\u0639 \u0636\u0631\u064a\u0628\u0629 \u0627\u0644\u0642\u064a\u0645\u0629 \u0627\u0644\u0645\u0636\u0627\u0641\u0629\n          </td>\n          <td colspan={{ col.two }}>\n            Total (Exluding VAT)\n            <br />\n            Total VAT\n          </td>\n          <td>\n            {{ doc.get_formatted(\"total\") }} <br />\n            {{ doc.get_formatted(\"total_taxes_and_charges\") }}\n          </td>\n        </tr>\n        <tr>\n          <td>{{ doc.get_formatted(\"grand_total\") }}</td>\n          <td  colspan={{  col.one }} class=\"rtl\">\u0625\u062c\u0645\u0627\u0644\u064a \u0627\u0644\u0645\u0628\u0644\u063a \u0627\u0644\u0645\u0633\u062a\u062d\u0642</td>\n          <td  colspan={{  col.two }}>Total Amount Due</td>\n          <td>{{ doc.get_formatted(\"grand_total\") }}</td>\n        </tr>\n      </tfoot>\n    </table>\n\n    <p>\n      Kindly arrange remittance by direct transfer to our Account on the\n      following details:<br />\n      Account Name: Al Salam Supplies Co. LTD, <br />\n      Bank Name: Arab National Bank, Al Kharj Road branch, Riyadh. <br />\n      SAR IBAN Number: SA1002110000001008118034, Swift Code: ARNBSARI.\n      <br />\n      <br />For any further information, please contact the Finance Department\n      at Al Salam Supplies Co. LTD <br />(finance@Al-salam.sa)\n    </p>\n</div>\n",
 "idx": 0,
 "line_breaks": 0,
 "modified": "2021-11-27 16:33:30.607034",
 "modified_by": "Administrator",
 "module": "OMAN VAT",
 "name": "OMAN VAT Format",
 "owner": "Administrator",
 "print_format_builder": 0,
 "print_format_type": "Jinja",
 "raw_printing": 0,
 "show_section_headings": 0,
 "standard": "Yes"
}